game_id,game_date,A_team,B_team,A_win,constant_baseline_p_home,constant_baseline_home_moneyline,constant_baseline_away_moneyline,six_differences_p_home,six_differences_home_moneyline,six_differences_away_moneyline,with_interactions_p_home,with_interactions_home_moneyline,with_interactions_away_moneyline
2024_05_TB_ATL,2024-10-03,ATL,TB,1,0.5817307692307693,-139.08045977011497,139.08045977011497,0.5689524184447148,-131.9929499179297,131.9929499179297,0.5641861432253307,-129.45576063154738,129.45576063154738
2024_05_ARI_SF,2024-10-06,SF,ARI,0,0.5817307692307693,-139.08045977011497,139.08045977011497,0.6481735526321626,-184.23104842783232,184.23104842783232,0.6635246989678381,-197.19863447106778,197.19863447106778
2024_05_BAL_CIN,2024-10-06,CIN,BAL,0,0.5817307692307693,-139.08045977011497,139.08045977011497,0.5248908585678728,-110.4779539677321,110.4779539677321,0.5108597466132104,-104.44034059271056,104.44034059271056
2024_05_BUF_HOU,2024-10-06,HOU,BUF,1,0.5817307692307693,-139.08045977011497,139.08045977011497,0.5916541518936275,-144.89045367727206,144.89045367727206,0.5982046248378364,-148.88290453726665,148.88290453726665
2024_05_CAR_CHI,2024-10-06,CHI,CAR,1,0.5817307692307693,-139.08045977011497,139.08045977011497,0.6368311008113718,-175.35397503314425,175.35397503314425,0.6551121601268537,-189.94933551957396,189.94933551957396
2024_05_CLE_WAS,2024-10-06,WAS,CLE,1,0.5817307692307693,-139.08045977011497,139.08045977011497,0.5665825200466083,-130.72442765980196,130.72442765980196,0.5670588885458356,-130.97829555645475,130.97829555645475
2024_05_DAL_PIT,2024-10-06,PIT,DAL,0,0.5817307692307693,-139.08045977011497,139.08045977011497,0.5796960029639031,-137.92302882004645,137.92302882004645,0.5705717136562449,-132.86775273101253,132.86775273101253
2024_05_GB_LA,2024-10-06,LA,GB,0,0.5817307692307693,-139.08045977011497,139.08045977011497,0.573589552376369,-134.5158298941692,134.5158298941692,0.5796780363588642,-137.91285883261241,137.91285883261241
2024_05_IND_JAX,2024-10-06,JAX,IND,1,0.5817307692307693,-139.08045977011497,139.08045977011497,0.597582767028601,-148.49830426399086,148.49830426399086,0.5947771675713671,-146.77780222962096,146.77780222962096
2024_05_LV_DEN,2024-10-06,DEN,LV,1,0.5817307692307693,-139.08045977011497,139.08045977011497,0.646343467688657,-182.76022316467376,182.76022316467376,0.663356810543259,-197.05041756934193,197.05041756934193
2024_05_MIA_NE,2024-10-06,NE,MIA,0,0.5817307692307693,-139.08045977011497,139.08045977011497,0.5703928988812906,-132.7708265054211,132.7708265054211,0.5728751573042863,-134.1235863708368,134.1235863708368
2024_05_NYG_SEA,2024-10-06,SEA,NYG,0,0.5817307692307693,-139.08045977011497,139.08045977011497,0.6438127654333781,-180.7512181666797,180.7512181666797,0.6573189521490592,-191.81654669008117,191.81654669008117
2024_05_NYJ_MIN,2024-10-06,MIN,NYJ,1,0.5817307692307693,-139.08045977011497,139.08045977011497,0.6338527396670834,-173.11415606135023,173.11415606135023,0.648873182878558,-184.79738693787561,184.79738693787561
2024_05_NO_KC,2024-10-07,KC,NO,1,0.5817307692307693,-139.08045977011497,139.08045977011497,0.6055791040114258,-153.53626295422455,153.53626295422455,0.6159345982758737,-160.3723208367253,160.3723208367253
2024_06_SF_SEA,2024-10-10,SEA,SF,0,0.5817307692307693,-139.08045977011497,139.08045977011497,0.6031787434431152,-152.00262926354822,152.00262926354822,0.6152786885177014,-159.92841315368904,159.92841315368904
2024_06_ARI_GB,2024-10-13,GB,ARI,1,0.5817307692307693,-139.08045977011497,139.08045977011497,0.6084037778458564,-155.36507847268535,155.36507847268535,0.6224324400813301,-164.85326234473257,164.85326234473257
2024_06_ATL_CAR,2024-10-13,CAR,ATL,0,0.5817307692307693,-139.08045977011497,139.08045977011497,0.6048194828876687,-153.04891225590126,153.04891225590126,0.5977436327062424,-148.59768080929481,148.59768080929481
2024_06_CIN_NYG,2024-10-13,NYG,CIN,0,0.5817307692307693,-139.08045977011497,139.08045977011497,0.6146118615344647,-159.47866584104236,159.47866584104236,0.6205636051234942,-163.54878274801956,163.54878274801956
2024_06_CLE_PHI,2024-10-13,PHI,CLE,1,0.5817307692307693,-139.08045977011497,139.08045977011497,0.5907490131547384,-144.34883045941228,144.34883045941228,0.5932879739680346,-145.87421467625973,145.87421467625973
2024_06_DET_DAL,2024-10-13,DAL,DET,0,0.5817307692307693,-139.08045977011497,139.08045977011497,0.5337086521429074,-114.45819327243375,114.45819327243375,0.5298936783557473,-112.71783721231003,112.71783721231003
2024_06_HOU_NE,2024-10-13,NE,HOU,0,0.5817307692307693,-139.08045977011497,139.08045977011497,0.588093066630092,-142.77328663025006,142.77328663025006,0.5921324799623068,-145.17764981815287,145.17764981815287
2024_06_IND_TEN,2024-10-13,TEN,IND,0,0.5817307692307693,-139.08045977011497,139.08045977011497,0.5920632824921224,-145.13606083538903,145.13606083538903,0.5941544465887001,-146.39915149854076,146.39915149854076
2024_06_JAX_CHI,2024-10-13,CHI,JAX,1,0.5817307692307693,-139.08045977011497,139.08045977011497,0.5829817473805649,-139.79765722930733,139.79765722930733,0.587636644502666,-142.50457434413448,142.50457434413448
2024_06_LAC_DEN,2024-10-13,DEN,LAC,0,0.5817307692307693,-139.08045977011497,139.08045977011497,0.6514452737791631,-186.89899312007063,186.89899312007063,0.665808607503489,-199.2297295659523,199.2297295659523
2024_06_PIT_LV,2024-10-13,LV,PIT,0,0.5817307692307693,-139.08045977011497,139.08045977011497,0.5151877524528897,-106.26541616047516,106.26541616047516,0.5050510022278191,-102.0410192769575,102.0410192769575
2024_06_TB_NO,2024-10-13,NO,TB,0,0.5817307692307693,-139.08045977011497,139.08045977011497,0.5909368512561268,-144.46103323429173,144.46103323429173,0.5942796765199311,-146.4752052405196,146.4752052405196
2024_06_WAS_BAL,2024-10-13,BAL,WAS,1,0.5817307692307693,-139.08045977011497,139.08045977011497,0.6143103390133967,-159.27581191623761,159.27581191623761,0.6116261001388674,-157.4838320385487,157.4838320385487
2024_06_BUF_NYJ,2024-10-14,NYJ,BUF,0,0.5817307692307693,-139.08045977011497,139.08045977011497,0.6373185121741524,-175.72402605786704,175.72402605786704,0.6517960602179302,-187.18801993621022,187.18801993621022
2024_07_DEN_NO,2024-10-17,NO,DEN,0,0.5817307692307693,-139.08045977011497,139.08045977011497,0.5086283936561217,-103.51196265503515,103.51196265503515,0.501646744125224,-100.66087423160643,100.66087423160643
2024_07_CAR_WAS,2024-10-20,WAS,CAR,1,0.5817307692307693,-139.08045977011497,139.08045977011497,0.602437429063288,-151.53273298436085,151.53273298436085,0.618635813644,-162.21654674896743,162.21654674896743
2024_07_CIN_CLE,2024-10-20,CLE,CIN,0,0.5817307692307693,-139.08045977011497,139.08045977011497,0.5870850691069699,-142.18063460123713,142.18063460123713,0.5833851364793347,-140.0298423223196,140.0298423223196
2024_07_DET_MIN,2024-10-20,MIN,DET,0,0.5817307692307693,-139.08045977011497,139.08045977011497,0.5676322191791727,-131.2845786292293,131.2845786292293,0.5680918084596266,-131.5306862862598,131.5306862862598
2024_07_HOU_GB,2024-10-20,GB,HOU,1,0.5817307692307693,-139.08045977011497,139.08045977011497,0.6047291571772146,-152.99108653160567,152.99108653160567,0.6160504946584388,-160.4509150520719,160.4509150520719
2024_07_KC_SF,2024-10-20,SF,KC,0,0.5817307692307693,-139.08045977011497,139.08045977011497,0.49230723347613364,103.12518931300218,-103.12518931300218,0.4729318077021206,111.44697474648542,-111.44697474648542
2024_07_LV_LA,2024-10-20,LA,LV,1,0.5817307692307693,-139.08045977011497,139.08045977011497,0.6414459917710073,-178.89801174983486,178.89801174983486,0.6568039640171826,-191.37865684732625,191.37865684732625
2024_07_MIA_IND,2024-10-20,IND,MIA,1,0.5817307692307693,-139.08045977011497,139.08045977011497,0.5615106381019956,-128.05570371684567,128.05570371684567,0.5545108955572265,-124.47238103630383,124.47238103630383
2024_07_NE_JAX,2024-10-20,JAX,NE,1,0.5817307692307693,-139.08045977011497,139.08045977011497,0.5866731027123385,-141.93925112597594,141.93925112597594,0.5851140873268401,-141.03011682341287,141.03011682341287
2024_07_NYJ_PIT,2024-10-20,PIT,NYJ,1,0.5817307692307693,-139.08045977011497,139.08045977011497,0.5640235526300507,-129.37018869541052,129.37018869541052,0.5529640852228953,-123.69567342225896,123.69567342225896
2024_07_PHI_NYG,2024-10-20,NYG,PHI,0,0.5817307692307693,-139.08045977011497,139.08045977011497,0.5704675039322026,-132.8112562273193,132.8112562273193,0.5715640821787881,-133.40713474384845,133.40713474384845
2024_07_SEA_ATL,2024-10-20,ATL,SEA,0,0.5817307692307693,-139.08045977011497,139.08045977011497,0.5345129144313695,-114.82873123717671,114.82873123717671,0.5143392061955778,-105.905029344968,105.905029344968
2024_07_TEN_BUF,2024-10-20,BUF,TEN,1,0.5817307692307693,-139.08045977011497,139.08045977011497,0.6013569211857306,-150.85096246356932,150.85096246356932,0.6109967784351895,-157.06727979716575,157.06727979716575
2024_07_BAL_TB,2024-10-21,TB,BAL,0,0.5817307692307693,-139.08045977011497,139.08045977011497,0.5810203466379019,-138.6750745472984,138.6750745472984,0.5825207214782034,-139.5328466458941,139.5328466458941
2024_07_LAC_ARI,2024-10-21,ARI,LAC,1,0.5817307692307693,-139.08045977011497,139.08045977011497,0.5683479801778123,-131.6680923703159,131.6680923703159,0.5700202620060876,-132.56909841043668,132.56909841043668
2024_08_MIN_LA,2024-10-24,LA,MIN,1,0.5817307692307693,-139.08045977011497,139.08045977011497,0.6021933116023547,-151.37837778142273,151.37837778142273,0.6108649331676826,-156.98018123638062,156.98018123638062
2024_08_ARI_MIA,2024-10-27,MIA,ARI,0,0.5817307692307693,-139.08045977011497,139.08045977011497,0.6151536017115085,-159.84392849907152,159.84392849907152,0.6265757105605406,-167.79190006656566,167.79190006656566
2024_08_ATL_TB,2024-10-27,TB,ATL,0,0.5817307692307693,-139.08045977011497,139.08045977011497,0.6051178408415242,-153.2401063980902,153.2401063980902,0.6095936792767619,-156.14339392545526,156.14339392545526
2024_08_BAL_CLE,2024-10-27,CLE,BAL,1,0.5817307692307693,-139.08045977011497,139.08045977011497,0.5652066212821915,-129.99430279940492,129.99430279940492,0.5565183358760488,-125.48846567882103,125.48846567882103
2024_08_BUF_SEA,2024-10-27,SEA,BUF,0,0.5817307692307693,-139.08045977011497,139.08045977011497,0.560565554725285,-127.56522861443969,127.56522861443969,0.5708383521883668,-133.0124336830112,133.0124336830112
2024_08_CAR_DEN,2024-10-27,DEN,CAR,1,0.5817307692307693,-139.08045977011497,139.08045977011497,0.6595750455413716,-193.7504982824428,193.7504982824428,0.6717259205141152,-204.62350288701307,204.62350288701307
2024_08_CHI_WAS,2024-10-27,WAS,CHI,1,0.5817307692307693,-139.08045977011497,139.08045977011497,0.6033875117737026,-152.1352780574636,152.1352780574636,0.6107182233601979,-156.88333233366026,156.88333233366026
2024_08_DAL_SF,2024-10-27,SF,DAL,1,0.5817307692307693,-139.08045977011497,139.08045977011497,0.5877879800361505,-142.5936051276959,142.5936051276959,0.5840900390840562,-140.4366555197994,140.4366555197994
2024_08_GB_JAX,2024-10-27,JAX,GB,0,0.5817307692307693,-139.08045977011497,139.08045977011497,0.5448525796616748,-119.70903388987,119.70903388987,0.5173607831934863,-107.19410383116303,107.19410383116303
2024_08_IND_HOU,2024-10-27,HOU,IND,1,0.5817307692307693,-139.08045977011497,139.08045977011497,0.6120079848904705,-157.73726289642883,157.73726289642883,0.6125120148973214,-158.07251797369017,158.07251797369017
2024_08_KC_LV,2024-10-27,LV,KC,0,0.5817307692307693,-139.08045977011497,139.08045977011497,0.4594313079023784,117.66039510143344,-117.66039510143344,0.43064350106198585,132.2106330489038,-132.21063304890382
2024_08_NO_LAC,2024-10-27,LAC,NO,1,0.5817307692307693,-139.08045977011497,139.08045977011497,0.5937076664332234,-146.1281981919661,146.1281981919661,0.5906019725808611,-144.26106943016774,144.26106943016774
2024_08_NYJ_NE,2024-10-27,NE,NYJ,1,0.5817307692307693,-139.08045977011497,139.08045977011497,0.5449842168928881,-119.772596275984,119.772596275984,0.5339450390452072,-114.5669682286677,114.5669682286677
2024_08_PHI_CIN,2024-10-27,CIN,PHI,0,0.5817307692307693,-139.08045977011497,139.08045977011497,0.5378308018620839,-116.37097496523114,116.37097496523114,0.5375438889522126,-116.23673600815843,116.23673600815843
2024_08_TEN_DET,2024-10-27,DET,TEN,1,0.5817307692307693,-139.08045977011497,139.08045977011497,0.6609873686706523,-194.9742598317846,194.9742598317846,0.6831919931329223,-215.64858789050982,215.64858789050982
2024_08_NYG_PIT,2024-10-28,PIT,NYG,1,0.5817307692307693,-139.08045977011497,139.08045977011497,0.5837027572882222,-140.21297702717362,140.21297702717362,0.5793872818765801,-137.74839820857986,137.74839820857986
2024_09_HOU_NYJ,2024-10-31,NYJ,HOU,1,0.5817307692307693,-139.08045977011497,139.08045977011497,0.5576414774435833,-126.06097746708696,126.06097746708696,0.5554696458129981,-124.95651659803796,124.95651659803796
2024_09_CHI_ARI,2024-11-03,ARI,CHI,1,0.5817307692307693,-139.08045977011497,139.08045977011497,0.547449160581619,-120.96964868857638,120.96964868857638,0.5339782022044011,-114.58223729667864,114.58223729667864
2024_09_DAL_ATL,2024-11-03,ATL,DAL,1,0.5817307692307693,-139.08045977011497,139.08045977011497,0.5841921255887685,-140.49568599824207,140.49568599824207,0.576015867355279,-135.8578831151574,135.8578831151574
2024_09_DEN_BAL,2024-11-03,BAL,DEN,1,0.5817307692307693,-139.08045977011497,139.08045977011497,0.5409015192725525,-117.81818977389928,117.81818977389928,0.5373763618958107,-116.15843152718152,116.15843152718152
2024_09_DET_GB,2024-11-03,GB,DET,0,0.5817307692307693,-139.08045977011497,139.08045977011497,0.5542961614861475,-124.36423328423272,124.36423328423272,0.5494145132852024,-121.93346867227432,121.93346867227432
2024_09_IND_MIN,2024-11-03,MIN,IND,1,0.5817307692307693,-139.08045977011497,139.08045977011497,0.6192604001474113,-162.6467014167087,162.6467014167087,0.6277187778117699,-168.61413909681087,168.61413909681087
2024_09_JAX_PHI,2024-11-03,PHI,JAX,1,0.5817307692307693,-139.08045977011497,139.08045977011497,0.6122714253285855,-157.9123813217694,157.9123813217694,0.6191324033701856,-162.55843470242849,162.55843470242849
2024_09_LAC_CLE,2024-11-03,CLE,LAC,0,0.5817307692307693,-139.08045977011497,139.08045977011497,0.6301066079113482,-170.34816554936765,170.34816554936765,0.6399355409017534,-177.72804972321407,177.72804972321407
2024_09_LA_SEA,2024-11-03,SEA,LA,0,0.5817307692307693,-139.08045977011497,139.08045977011497,0.48702703959789917,105.32740868466425,-105.32740868466425,0.4650815842882736,115.01603885914464,-115.01603885914464
2024_09_LV_CIN,2024-11-03,CIN,LV,1,0.5817307692307693,-139.08045977011497,139.08045977011497,0.5933812587940579,-145.93062214353895,145.93062214353895,0.6042927700495193,-152.71208719768433,152.71208719768433
2024_09_MIA_BUF,2024-11-03,BUF,MIA,1,0.5817307692307693,-139.08045977011497,139.08045977011497,0.6008736178461039,-150.5472062767371,150.5472062767371,0.5919891469451344,-145.0915196281627,145.0915196281627
2024_09_NE_TEN,2024-11-03,TEN,NE,1,0.5817307692307693,-139.08045977011497,139.08045977011497,0.6120783979509096,-157.78404572412873,157.78404572412873,0.6093068406657948,-155.95533889155809,155.95533889155809
2024_09_NO_CAR,2024-11-03,CAR,NO,1,0.5817307692307693,-139.08045977011497,139.08045977011497,0.5941009279954109,-146.3666632843876,146.3666632843876,0.5907586334939344,-144.3545745479223,144.3545745479223
2024_09_WAS_NYG,2024-11-03,NYG,WAS,0,0.5817307692307693,-139.08045977011497,139.08045977011497,0.5732799324673402,-134.34566969913203,134.34566969913203,0.5677141606885093,-131.32841954589995,131.32841954589995
2024_09_TB_KC,2024-11-04,KC,TB,1,0.5817307692307693,-139.08045977011497,139.08045977011497,0.642802095328356,-179.9568493883678,179.9568493883678,0.6618992009371655,-195.76978308594724,195.76978308594724
2024_10_CIN_BAL,2024-11-07,BAL,CIN,1,0.5817307692307693,-139.08045977011497,139.08045977011497,0.5688064011367122,-131.91438895108814,131.91438895108814,0.5581346609649408,-126.31329313672562,126.31329313672562
2024_10_ATL_NO,2024-11-10,NO,ATL,1,0.5817307692307693,-139.08045977011497,139.08045977011497,0.5166675309527773,-106.89692169269465,106.89692169269465,0.506974261690577,-102.82916738363058,102.82916738363058
2024_10_BUF_IND,2024-11-10,IND,BUF,0,0.5817307692307693,-139.08045977011497,139.08045977011497,0.556732461407609,-125.59739050044793,125.59739050044793,0.5677059433519415,-131.3240222995074,131.3240222995074
2024_10_DEN_KC,2024-11-10,KC,DEN,1,0.5817307692307693,-139.08045977011497,139.08045977011497,0.616212273700911,-160.56070360642323,160.56070360642323,0.6206135187148504,-163.5834562719679,163.5834562719679
2024_10_DET_HOU,2024-11-10,HOU,DET,0,0.5817307692307693,-139.08045977011497,139.08045977011497,0.5553107143812924,-124.87611740154126,124.87611740154126,0.5476924593880905,-121.08850952321919,121.08850952321919
2024_10_MIN_JAX,2024-11-10,JAX,MIN,0,0.5817307692307693,-139.08045977011497,139.08045977011497,0.5352140551404821,-115.15280551399876,115.15280551399876,0.5180450005820683,-107.48825122837677,107.48825122837677
2024_10_NE_CHI,2024-11-10,CHI,NE,0,0.5817307692307693,-139.08045977011497,139.08045977011497,0.6387167450367154,-176.79112891673458,176.79112891673458,0.6482483112889225,-184.29145675584286,184.29145675584286
2024_10_NYG_CAR,2024-11-10,CAR,NYG,1,0.5817307692307693,-139.08045977011497,139.08045977011497,0.5112521954089171,-104.60449962259426,104.60449962259426,0.49832939858870673,100.67048077678118,-100.67048077678118
2024_10_NYJ_ARI,2024-11-10,ARI,NYJ,1,0.5817307692307693,-139.08045977011497,139.08045977011497,0.582789814391262,-139.6873409360637,139.6873409360637,0.5814395804896964,-138.91413363211788,138.91413363211788
2024_10_PHI_DAL,2024-11-10,DAL,PHI,0,0.5817307692307693,-139.08045977011497,139.08045977011497,0.5789582624486874,-137.50614507145613,137.50614507145613,0.5955790801668387,-147.26712960658347,147.26712960658347
2024_10_PIT_WAS,2024-11-10,WAS,PIT,0,0.5817307692307693,-139.08045977011497,139.08045977011497,0.6046464415879247,-152.93815591706507,152.93815591706507,0.6164481872011096,-160.7209682318292,160.7209682318292
2024_10_SF_TB,2024-11-10,TB,SF,0,0.5817307692307693,-139.08045977011497,139.08045977011497,0.5999463963370187,-149.96650219964872,149.96650219964872,0.6032288165619141,-152.03443237355083,152.03443237355083
2024_10_TEN_LAC,2024-11-10,LAC,TEN,1,0.5817307692307693,-139.08045977011497,139.08045977011497,0.5474948250825604,-120.99194781196744,120.99194781196744,0.5410704715172003,-117.89837827736972,117.89837827736972
2024_10_MIA_LA,2024-11-11,LA,MIA,0,0.5817307692307693,-139.08045977011497,139.08045977011497,0.6125667683483225,-158.10898970562536,158.10898970562536,0.6219612268322118,-164.5231312175911,164.5231312175911
2024_11_WAS_PHI,2024-11-14,PHI,WAS,1,0.5817307692307693,-139.08045977011497,139.08045977011497,0.5653555458074501,-130.07310696227,130.07310696227,0.5565490365966083,-125.50407655566083,125.50407655566083
2024_11_ATL_DEN,2024-11-17,DEN,ATL,1,0.5817307692307693,-139.08045977011497,139.08045977011497,0.5743661501281496,-134.9437198900133,134.9437198900133,0.5643409219864803,-129.53728051753515,129.53728051753515
2024_11_BAL_PIT,2024-11-17,PIT,BAL,1,0.5817307692307693,-139.08045977011497,139.08045977011497,0.5822243776848854,-139.36293708533634,139.36293708533634,0.5836120073122065,-140.16062363974007,140.16062363974007
2024_11_CIN_LAC,2024-11-17,LAC,CIN,1,0.5817307692307693,-139.08045977011497,139.08045977011497,0.5547635236295024,-124.59974711682504,124.59974711682504,0.542662581820889,-118.65693911106162,118.65693911106162
2024_11_CLE_NO,2024-11-17,NO,CLE,1,0.5817307692307693,-139.08045977011497,139.08045977011497,0.5143145684831391,-105.89458425319975,105.89458425319975,0.4969782784984661,101.21603765487035,-101.21603765487035
2024_11_GB_CHI,2024-11-17,CHI,GB,0,0.5817307692307693,-139.08045977011497,139.08045977011497,0.5734087008609721,-134.41640793383732,134.41640793383732,0.5805380245282918,-138.4006318750215,138.4006318750215
2024_11_IND_NYJ,2024-11-17,NYJ,IND,0,0.5817307692307693,-139.08045977011497,139.08045977011497,0.5967381192839528,-147.9778148691768,147.9778148691768,0.5868802274834602,-142.06055157041988,142.06055157041988
2024_11_JAX_DET,2024-11-17,DET,JAX,1,0.5817307692307693,-139.08045977011497,139.08045977011497,0.6491801147873835,-185.0465558398846,185.0465558398846,0.6654859203317217,-198.94107924893697,198.94107924893697
2024_11_KC_BUF,2024-11-17,BUF,KC,1,0.5817307692307693,-139.08045977011497,139.08045977011497,0.6014161921037716,-150.88826494937567,150.88826494937567,0.609856075553994,-156.31566643514273,156.31566643514273
2024_11_LA_NE,2024-11-17,NE,LA,0,0.5817307692307693,-139.08045977011497,139.08045977011497,0.5499323272865285,-122.18880862314994,122.18880862314994,0.5412479231669318,-117.98266438451077,117.98266438451077
2024_11_LV_MIA,2024-11-17,MIA,LV,1,0.5817307692307693,-139.08045977011497,139.08045977011497,0.5954590167338858,-147.19374336967542,147.19374336967542,0.5970155746242394,-148.14854794141374,148.14854794141374
2024_11_MIN_TEN,2024-11-17,TEN,MIN,0,0.5817307692307693,-139.08045977011497,139.08045977011497,0.5649987867029879,-129.88441628028642,129.88441628028642,0.564703356600738,-129.72839675282813,129.72839675282813
2024_11_SEA_SF,2024-11-17,SF,SEA,0,0.5817307692307693,-139.08045977011497,139.08045977011497,0.6263688285048056,-167.64362191682443,167.64362191682443,0.6294934629731327,-169.9007709889569,169.9007709889569
2024_11_HOU_DAL,2024-11-18,DAL,HOU,0,0.5817307692307693,-139.08045977011497,139.08045977011497,0.5893619794931704,-143.5234805500355,143.5234805500355,0.5974063929577044,-148.38943850763684,148.38943850763684
2024_12_PIT_CLE,2024-11-21,CLE,PIT,1,0.5817307692307693,-139.08045977011497,139.08045977011497,0.6193123082852018,-162.68251424035407,162.68251424035407,0.6266066545295672,-167.81409259988678,167.81409259988678
2024_12_ARI_SEA,2024-11-24,SEA,ARI,1,0.5817307692307693,-139.08045977011497,139.08045977011497,0.5145951903231918,-106.01361586545035,106.01361586545035,0.5063552738794931,-102.57483714226561,102.57483714226561
2024_12_DAL_WAS,2024-11-24,WAS,DAL,0,0.5817307692307693,-139.08045977011497,139.08045977011497,0.5786602537285936,-137.33815972724517,137.33815972724517,0.5724421672019198,-133.88648816364056,133.88648816364056
2024_12_DEN_LV,2024-11-24,LV,DEN,0,0.5817307692307693,-139.08045977011497,139.08045977011497,0.5441160113101323,-119.35405164674205,119.35405164674205,0.547342245618709,-120.91745702375877,120.91745702375877
2024_12_DET_IND,2024-11-24,IND,DET,0,0.5817307692307693,-139.08045977011497,139.08045977011497,0.5317584299073147,-113.56497668544394,113.56497668544394,0.532704887504565,-113.99753031009264,113.99753031009264
2024_12_KC_CAR,2024-11-24,CAR,KC,0,0.5817307692307693,-139.08045977011497,139.08045977011497,0.5213012765187969,-108.89965879327578,108.89965879327578,0.5195819446533361,-108.15204359428414,108.15204359428414
2024_12_MIN_CHI,2024-11-24,CHI,MIN,0,0.5817307692307693,-139.08045977011497,139.08045977011497,0.5545204146337743,-124.47717759679311,124.47717759679311,0.5702319994286164,-132.68368018802784,132.68368018802784
2024_12_NE_MIA,2024-11-24,MIA,NE,1,0.5817307692307693,-139.08045977011497,139.08045977011497,0.5462949483322375,-120.4075084295681,120.4075084295681,0.5334945698698881,-114.35977706006388,114.35977706006388
2024_12_PHI_LA,2024-11-24,LA,PHI,0,0.5817307692307693,-139.08045977011497,139.08045977011497,0.585080606410262,-141.01066748130248,141.01066748130248,0.5990913939992296,-149.43340827113062,149.43340827113062
2024_12_SF_GB,2024-11-24,GB,SF,1,0.5817307692307693,-139.08045977011497,139.08045977011497,0.5920216214047984,-145.1110285410996,145.1110285410996,0.5941153526944606,-146.37541888772796,146.37541888772796
2024_12_TB_NYG,2024-11-24,NYG,TB,0,0.5817307692307693,-139.08045977011497,139.08045977011497,0.6253463245403277,-166.91316954867025,166.91316954867025,0.6412593514632178,-178.75291079468195,178.75291079468195
2024_12_TEN_HOU,2024-11-24,HOU,TEN,0,0.5817307692307693,-139.08045977011497,139.08045977011497,0.5867532679561849,-141.98618463460068,141.98618463460068,0.5869218946441969,-142.08496820199514,142.08496820199514
2024_12_BAL_LAC,2024-11-25,LAC,BAL,0,0.5817307692307693,-139.08045977011497,139.08045977011497,0.559216629143186,-126.86881269049609,126.86881269049609,0.5546338056638214,-124.53432988790424,124.53432988790424
2024_13_CHI_DET,2024-11-28,DET,CHI,1,0.5817307692307693,-139.08045977011497,139.08045977011497,0.6439236409079726,-180.83863881048939,180.83863881048939,0.6376475215785519,-175.97437841639683,175.97437841639683
2024_13_MIA_GB,2024-11-28,GB,MIA,1,0.5817307692307693,-139.08045977011497,139.08045977011497,0.603190617022847,-152.01016984459181,152.01016984459181,0.6071672941022567,-154.56128906443598,154.56128906443598
2024_13_NYG_DAL,2024-11-28,DAL,NYG,1,0.5817307692307693,-139.08045977011497,139.08045977011497,0.6156650211351431,-160.18969258367412,160.18969258367412,0.6299399554265745,-170.22641721635125,170.22641721635125
2024_13_LV_KC,2024-11-29,KC,LV,1,0.5817307692307693,-139.08045977011497,139.08045977011497,0.6311375280023054,-171.10375164601996,171.10375164601996,0.6349001495384512,-173.8976744953,173.8976744953
2024_13_ARI_MIN,2024-12-01,MIN,ARI,1,0.5817307692307693,-139.08045977011497,139.08045977011497,0.5892650991188745,-143.46604046911003,143.46604046911003,0.5824015472458346,-139.46448877019344,139.46448877019344
2024_13_HOU_JAX,2024-12-01,JAX,HOU,0,0.5817307692307693,-139.08045977011497,139.08045977011497,0.5290747346406571,-112.34791878005161,112.34791878005161,0.5222478140887088,-109.31353732951408,109.31353732951408
2024_13_IND_NE,2024-12-01,NE,IND,0,0.5817307692307693,-139.08045977011497,139.08045977011497,0.6073433641157878,-154.67543614744437,154.67543614744437,0.6024746108130281,-151.55625960022908,151.55625960022908
2024_13_LAC_ATL,2024-12-01,ATL,LAC,0,0.5817307692307693,-139.08045977011497,139.08045977011497,0.5827507280666724,-139.66488793772905,139.66488793772905,0.5782004204848069,-137.07942078780104,137.07942078780104
2024_13_LA_NO,2024-12-01,NO,LA,0,0.5817307692307693,-139.08045977011497,139.08045977011497,0.5714821895772992,-133.3625290891818,133.3625290891818,0.5662271498562874,-130.53540572414607,130.53540572414607
2024_13_PHI_BAL,2024-12-01,BAL,PHI,0,0.5817307692307693,-139.08045977011497,139.08045977011497,0.5877840538537212,-142.59129452627735,142.59129452627735,0.5884318395295504,-142.9731198975484,142.9731198975484
2024_13_PIT_CIN,2024-12-01,CIN,PIT,0,0.5817307692307693,-139.08045977011497,139.08045977011497,0.5876572120681385,-142.51667041773194,142.51667041773194,0.5834872117124588,-140.0886666917046,140.0886666917046
2024_13_SEA_NYJ,2024-12-01,NYJ,SEA,0,0.5817307692307693,-139.08045977011497,139.08045977011497,0.6288556305259538,-169.43693135291636,169.43693135291636,0.6364192638652129,-175.04207473447622,175.04207473447622
2024_13_SF_BUF,2024-12-01,BUF,SF,1,0.5817307692307693,-139.08045977011497,139.08045977011497,0.6180962707418891,-161.8460945491702,161.8460945491702,0.6293746361540902,-169.814237650437,169.814237650437
2024_13_TB_CAR,2024-12-01,CAR,TB,0,0.5817307692307693,-139.08045977011497,139.08045977011497,0.5661097592110134,-130.47303349842545,130.47303349842545,0.568790798108401,-131.90599727771777,131.90599727771777
2024_13_TEN_WAS,2024-12-01,WAS,TEN,1,0.5817307692307693,-139.08045977011497,139.08045977011497,0.562653765218722,-128.6517912976001,128.6517912976001,0.5615745428223315,-128.08894502555262,128.08894502555262
2024_13_CLE_DEN,2024-12-02,DEN,CLE,1,0.5817307692307693,-139.08045977011497,139.08045977011497,0.5392976213390474,-117.05987342772887,117.05987342772887,0.5171145580305082,-107.08845475262412,107.08845475262412
2024_14_GB_DET,2024-12-05,DET,GB,1,0.5817307692307693,-139.08045977011497,139.08045977011497,0.6396714329247518,-177.52448497683721,177.52448497683721,0.6502798350569291,-185.942905283367,185.942905283367
2024_14_ATL_MIN,2024-12-08,MIN,ATL,1,0.5817307692307693,-139.08045977011497,139.08045977011497,0.5573062302812414,-125.8897839550115,125.8897839550115,0.5364153293591752,-115.71032506697748,115.71032506697748
2024_14_BUF_LA,2024-12-08,LA,BUF,1,0.5817307692307693,-139.08045977011497,139.08045977011497,0.5822527537019347,-139.37919611958228,139.37919611958228,0.578293874512356,-137.13195980818165,137.13195980818165
2024_14_CAR_PHI,2024-12-08,PHI,CAR,1,0.5817307692307693,-139.08045977011497,139.08045977011497,0.6139477682194766,-159.0323064285548,159.0323064285548,0.6089602274430015,-155.7284629798721,155.7284629798721
2024_14_CHI_SF,2024-12-08,SF,CHI,1,0.5817307692307693,-139.08045977011497,139.08045977011497,0.5608863355086539,-127.7314692901586,127.7314692901586,0.5504789456799896,-122.458990605612,122.458990605612
2024_14_CLE_PIT,2024-12-08,PIT,CLE,1,0.5817307692307693,-139.08045977011497,139.08045977011497,0.569451755550862,-132.26200847234745,132.26200847234745,0.5761732908782082,-135.94548868146904,135.94548868146904
2024_14_JAX_TEN,2024-12-08,TEN,JAX,0,0.5817307692307693,-139.08045977011497,139.08045977011497,0.624757962339444,-166.49466201454757,166.49466201454757,0.6309446520516123,-170.96206722354552,170.96206722354552
2024_14_LAC_KC,2024-12-08,KC,LAC,1,0.5817307692307693,-139.08045977011497,139.08045977011497,0.5997632329593818,-149.85210813940907,149.85210813940907,0.5904608282929232,-144.17688687304639,144.17688687304639
2024_14_LV_TB,2024-12-08,TB,LV,1,0.5817307692307693,-139.08045977011497,139.08045977011497,0.6024745933438193,-151.55624854561782,151.55624854561782,0.606918789264936,-154.40035613251385,154.40035613251385
2024_14_NO_NYG,2024-12-08,NYG,NO,0,0.5817307692307693,-139.08045977011497,139.08045977011497,0.5717932628354279,-133.53205664666393,133.53205664666393,0.5560473678880533,-125.24925581426464,125.24925581426464
2024_14_NYJ_MIA,2024-12-08,MIA,NYJ,1,0.5817307692307693,-139.08045977011497,139.08045977011497,0.5340888285074172,-114.63318786635273,114.63318786635273,0.516511899231258,-106.83032289936575,106.83032289936575
2024_14_SEA_ARI,2024-12-08,ARI,SEA,0,0.5817307692307693,-139.08045977011497,139.08045977011497,0.616474727082134,-160.7390100766985,160.7390100766985,0.6267206764401154,-167.89589909862008,167.89589909862008
2024_14_CIN_DAL,2024-12-09,DAL,CIN,0,0.5817307692307693,-139.08045977011497,139.08045977011497,0.5423909927357788,-118.5271671067884,118.5271671067884,0.5317091324749941,-113.54249449389523,113.54249449389523
2024_15_LA_SF,2024-12-12,SF,LA,0,0.5817307692307693,-139.08045977011497,139.08045977011497,0.5726681246332571,-134.01015876519494,134.01015876519494,0.5747138646820417,-135.13581021219187,135.13581021219187
2024_15_BAL_NYG,2024-12-15,NYG,BAL,0,0.5817307692307693,-139.08045977011497,139.08045977011497,0.5649889482020616,-129.87921706055818,129.87921706055818,0.5537705279471772,-124.09994467636241,124.09994467636241
2024_15_BUF_DET,2024-12-15,DET,BUF,0,0.5817307692307693,-139.08045977011497,139.08045977011497,0.5875724575879512,-142.46683287725685,142.46683287725685,0.5805523965875625,-138.40880049485293,138.40880049485293
2024_15_CIN_TEN,2024-12-15,TEN,CIN,0,0.5817307692307693,-139.08045977011497,139.08045977011497,0.5185361791582735,-107.6999260820335,107.6999260820335,0.5062147719373776,-102.5171963777699,102.5171963777699
2024_15_DAL_CAR,2024-12-15,CAR,DAL,0,0.5817307692307693,-139.08045977011497,139.08045977011497,0.5647116688106424,-129.73278361670197,129.73278361670197,0.5648377841257911,-129.7993629780273,129.7993629780273
2024_15_GB_SEA,2024-12-15,SEA,GB,0,0.5817307692307693,-139.08045977011497,139.08045977011497,0.5786534003686071,-137.33429933333534,137.33429933333534,0.5854757946126429,-141.24043590302236,141.24043590302236
2024_15_IND_DEN,2024-12-15,DEN,IND,1,0.5817307692307693,-139.08045977011497,139.08045977011497,0.6145134490862778,-159.412422464465,159.412422464465,0.6083750882320994,-155.34637096647657,155.34637096647657
2024_15_KC_CLE,2024-12-15,CLE,KC,0,0.5817307692307693,-139.08045977011497,139.08045977011497,0.5504228389858781,-122.4312279886007,122.4312279886007,0.5505077431076748,-122.47324279037528,122.47324279037528
2024_15_MIA_HOU,2024-12-15,HOU,MIA,1,0.5817307692307693,-139.08045977011497,139.08045977011497,0.57350504369789,-134.4693612957159,134.4693612957159,0.5696624756556363,-132.37573844473354,132.37573844473354
2024_15_NE_ARI,2024-12-15,ARI,NE,1,0.5817307692307693,-139.08045977011497,139.08045977011497,0.5699426673067981,-132.5271362628733,132.5271362628733,0.564185304450564,-129.4553190179349,129.4553190179349
2024_15_NYJ_JAX,2024-12-15,JAX,NYJ,0,0.5817307692307693,-139.08045977011497,139.08045977011497,0.5183009665485806,-107.59850665152987,107.59850665152987,0.5084556293583666,-103.44043380959856,103.44043380959856
2024_15_PIT_PHI,2024-12-15,PHI,PIT,1,0.5817307692307693,-139.08045977011497,139.08045977011497,0.5643353291784552,-129.53433385228888,129.53433385228888,0.5491663099046163,-121.81128473083461,121.81128473083461
2024_15_TB_LAC,2024-12-15,LAC,TB,0,0.5817307692307693,-139.08045977011497,139.08045977011497,0.5608740451447223,-127.72509548645762,127.72509548645762,0.570801888830585,-132.99263765987908,132.99263765987908
2024_15_WAS_NO,2024-12-15,NO,WAS,0,0.5817307692307693,-139.08045977011497,139.08045977011497,0.5728558466205618,-134.1130019194447,134.1130019194447,0.5879051023237819,-142.66255312525064,142.66255312525064
2024_15_ATL_LV,2024-12-16,LV,ATL,0,0.5817307692307693,-139.08045977011497,139.08045977011497,0.5326265316074852,-113.96165328755222,113.96165328755222,0.5090989257154311,-103.7070302723178,103.7070302723178
2024_15_CHI_MIN,2024-12-16,MIN,CHI,1,0.5817307692307693,-139.08045977011497,139.08045977011497,0.59095378236133,-144.47115188419798,144.47115188419798,0.5874860106972994,-142.41602125793736,142.41602125793736
2024_16_DEN_LAC,2024-12-19,LAC,DEN,1,0.5817307692307693,-139.08045977011497,139.08045977011497,0.5217403651321275,-109.09144888973692,109.09144888973692,0.5292492788932798,-112.42665282573147,112.42665282573147
2024_16_HOU_KC,2024-12-21,KC,HOU,1,0.5817307692307693,-139.08045977011497,139.08045977011497,0.6278577094128578,-168.71442061106902,168.71442061106902,0.6429860477590887,-180.10109793277908,180.10109793277908
2024_16_PIT_BAL,2024-12-21,BAL,PIT,1,0.5817307692307693,-139.08045977011497,139.08045977011497,0.6182687048137593,-161.96437457717886,161.96437457717886,0.6212513876063299,-164.0273699433658,164.0273699433658
2024_16_ARI_CAR,2024-12-22,CAR,ARI,1,0.5817307692307693,-139.08045977011497,139.08045977011497,0.5650504314171387,-129.91171212289458,129.91171212289458,0.5761420432595303,-135.92809432908794,135.92809432908794
2024_16_CLE_CIN,2024-12-22,CIN,CLE,1,0.5817307692307693,-139.08045977011497,139.08045977011497,0.606929826296086,-154.4074994490081,154.4074994490081,0.6165340158023787,-160.77932364520876,160.77932364520876
2024_16_DET_CHI,2024-12-22,CHI,DET,0,0.5817307692307693,-139.08045977011497,139.08045977011497,0.5660841954468239,-130.45945538437988,130.45945538437988,0.5578061409749467,-126.14515773800994,126.14515773800994
2024_16_JAX_LV,2024-12-22,LV,JAX,1,0.5817307692307693,-139.08045977011497,139.08045977011497,0.6209622403202028,-163.82595782667616,163.82595782667616,0.6194602195992178,-162.78461582828635,162.78461582828635
2024_16_LA_NYJ,2024-12-22,NYJ,LA,0,0.5817307692307693,-139.08045977011497,139.08045977011497,0.5776012694495675,-136.74313573264976,136.74313573264976,0.5812168884182966,-138.787088672964,138.787088672964
2024_16_MIN_SEA,2024-12-22,SEA,MIN,0,0.5817307692307693,-139.08045977011497,139.08045977011497,0.5859631423171359,-141.5243912332946,141.5243912332946,0.5907852922891756,-144.370493327102,144.370493327102
2024_16_NE_BUF,2024-12-22,BUF,NE,1,0.5817307692307693,-139.08045977011497,139.08045977011497,0.6507907214238386,-186.36123417949315,186.36123417949315,0.6701282874634072,-203.14815184071588,203.14815184071588
2024_16_NYG_ATL,2024-12-22,ATL,NYG,1,0.5817307692307693,-139.08045977011497,139.08045977011497,0.6108670642953826,-156.9815886155365,156.9815886155365,0.6164228927727861,-160.7037753709438,160.7037753709438
2024_16_PHI_WAS,2024-12-22,WAS,PHI,1,0.5817307692307693,-139.08045977011497,139.08045977011497,0.5978620355284525,-148.67087625365278,148.67087625365278,0.5983415579633418,-148.96775352943604,148.96775352943604
2024_16_SF_MIA,2024-12-22,MIA,SF,1,0.5817307692307693,-139.08045977011497,139.08045977011497,0.6060877443539513,-153.8636423890689,153.8636423890689,0.6108600090810156,-156.97692946911522,156.97692946911522
2024_16_TB_DAL,2024-12-22,DAL,TB,1,0.5817307692307693,-139.08045977011497,139.08045977011497,0.5889422319312072,-143.27480896374752,143.27480896374752,0.5977015010139898,-148.57164581038484,148.57164581038484
2024_16_TEN_IND,2024-12-22,IND,TEN,1,0.5817307692307693,-139.08045977011497,139.08045977011497,0.5927344196860204,-145.5400231045929,145.5400231045929,0.5920371940699475,-145.12038486455933,145.12038486455933
2024_16_NO_GB,2024-12-23,GB,NO,1,0.5817307692307693,-139.08045977011497,139.08045977011497,0.5952335352371424,-147.05604022454642,147.05604022454642,0.5805697951706721,-138.41869004329675,138.41869004329675
2024_17_BAL_HOU,2024-12-25,HOU,BAL,0,0.5817307692307693,-139.08045977011497,139.08045977011497,0.495390104849874,101.86111717008276,-101.86111717008276,0.4673470132416287,113.97376503248948,-113.9737650324895
2024_17_KC_PIT,2024-12-25,PIT,KC,0,0.5817307692307693,-139.08045977011497,139.08045977011497,0.5850574294557103,-140.9972056345718,140.9972056345718,0.5920410184324754,-145.12268271619897,145.12268271619897
2024_17_SEA_CHI,2024-12-26,CHI,SEA,0,0.5817307692307693,-139.08045977011497,139.08045977011497,0.5438349671619747,-119.21890719648366,119.21890719648366,0.5374189655979673,-116.17833971353274,116.17833971353274
2024_17_ARI_LA,2024-12-28,LA,ARI,1,0.5817307692307693,-139.08045977011497,139.08045977011497,0.561999704748293,-128.31034838123267,128.31034838123267,0.541141261883623,-117.93199451862182,117.93199451862182
2024_17_DEN_CIN,2024-12-28,CIN,DEN,1,0.5817307692307693,-139.08045977011497,139.08045977011497,0.6205385093289365,-163.53135287365717,163.53135287365717,0.6453078512411574,-181.93463077749325,181.93463077749325
2024_17_LAC_NE,2024-12-28,NE,LAC,0,0.5817307692307693,-139.08045977011497,139.08045977011497,0.5805247744778606,-138.3931014651117,138.3931014651117,0.5691007471195312,-132.07280897221685,132.07280897221685
2024_17_ATL_WAS,2024-12-29,WAS,ATL,1,0.5817307692307693,-139.08045977011497,139.08045977011497,0.5887627179698063,-143.16861425190004,143.16861425190004,0.5842549536436272,-140.5320300900974,140.5320300900974
2024_17_CAR_TB,2024-12-29,TB,CAR,1,0.5817307692307693,-139.08045977011497,139.08045977011497,0.66882992666031,-201.9596517026686,201.9596517026686,0.673944239774598,-206.6960078572761,206.6960078572761
2024_17_DAL_PHI,2024-12-29,PHI,DAL,1,0.5817307692307693,-139.08045977011497,139.08045977011497,0.5369257206746836,-115.94807672258676,115.94807672258676,0.5117857169265995,-104.82809181755444,104.82809181755444
2024_17_GB_MIN,2024-12-29,MIN,GB,1,0.5817307692307693,-139.08045977011497,139.08045977011497,0.5377007999428378,-116.31012986316057,116.31012986316057,0.5399973192300724,-117.39003745070664,117.39003745070664
2024_17_IND_NYG,2024-12-29,NYG,IND,1,0.5817307692307693,-139.08045977011497,139.08045977011497,0.5885904082322939,-143.06676849785975,143.06676849785975,0.5885652331501832,-143.0518956034221,143.0518956034221
2024_17_LV_NO,2024-12-29,NO,LV,0,0.5817307692307693,-139.08045977011497,139.08045977011497,0.5791926255081504,-137.63842095390098,137.63842095390098,0.6009047134349019,-150.56672771225172,150.56672771225172
2024_17_MIA_CLE,2024-12-29,CLE,MIA,0,0.5817307692307693,-139.08045977011497,139.08045977011497,0.5889447471448083,-143.2762975424825,143.2762975424825,0.595901580485139,-147.46446699805125,147.46446699805125
2024_17_NYJ_BUF,2024-12-29,BUF,NYJ,1,0.5817307692307693,-139.08045977011497,139.08045977011497,0.6365828629402184,-175.16589010922215,175.16589010922215,0.6466620579649399,-183.01517641736157,183.01517641736157
2024_17_TEN_JAX,2024-12-29,JAX,TEN,1,0.5817307692307693,-139.08045977011497,139.08045977011497,0.597998653221496,-148.75538552635328,148.75538552635328,0.5920861533366857,-145.14980508258753,145.14980508258753
2024_17_DET_SF,2024-12-30,SF,DET,0,0.5817307692307693,-139.08045977011497,139.08045977011497,0.5564973349780964,-125.47778826776887,125.47778826776887,0.5399542866418239,-117.36970282808257,117.36970282808257
2024_18_CIN_PIT,2025-01-04,PIT,CIN,0,0.5817307692307693,-139.08045977011497,139.08045977011497,0.5195684545293181,-108.14619885550886,108.14619885550886,0.49817063978621634,100.73443116381516,-100.73443116381516
2024_18_CLE_BAL,2025-01-04,BAL,CLE,1,0.5817307692307693,-139.08045977011497,139.08045977011497,0.6241886142127945,-166.09092694339677,166.09092694339677,0.6332191987848563,-172.64240567854233,172.64240567854233
2024_18_BUF_NE,2025-01-05,NE,BUF,1,0.5817307692307693,-139.08045977011497,139.08045977011497,0.5097346132361418,-103.9711607219094,103.9711607219094,0.4921701550918235,103.18176339104338,-103.18176339104338
2024_18_CAR_ATL,2025-01-05,ATL,CAR,0,0.5817307692307693,-139.08045977011497,139.08045977011497,0.6211359198931684,-163.94690141066457,163.94690141066457,0.6176047678457283,-161.50953670796937,161.50953670796937
2024_18_CHI_GB,2025-01-05,GB,CHI,0,0.5817307692307693,-139.08045977011497,139.08045977011497,0.6577475366281803,-192.18197296467955,192.18197296467955,0.6616130891318326,-195.51970477652173,195.51970477652173
2024_18_HOU_TEN,2025-01-05,TEN,HOU,0,0.5817307692307693,-139.08045977011497,139.08045977011497,0.5956313405675755,-147.29908628517575,147.29908628517575,0.6028223427305419,-151.77649892868166,151.77649892868166
2024_18_JAX_IND,2025-01-05,IND,JAX,1,0.5817307692307693,-139.08045977011497,139.08045977011497,0.5889594207487464,-143.28498218389717,143.28498218389717,0.5793300087868951,-137.71602940258592,137.71602940258592
2024_18_KC_DEN,2025-01-05,DEN,KC,1,0.5817307692307693,-139.08045977011497,139.08045977011497,0.5824621388479237,-139.49923900093424,139.49923900093424,0.5833788677621694,-140.02623069756916,140.02623069756916
2024_18_LAC_LV,2025-01-05,LV,LAC,0,0.5817307692307693,-139.08045977011497,139.08045977011497,0.6025620951483733,-151.61163235633614,151.61163235633614,0.594813150309707,-146.79971740552688,146.79971740552688
2024_18_MIA_NYJ,2025-01-05,NYJ,MIA,1,0.5817307692307693,-139.08045977011497,139.08045977011497,0.5706609632797758,-132.91616053343944,132.91616053343944,0.5638156589652279,-129.26086654731174,129.26086654731174
2024_18_MIN_DET,2025-01-05,DET,MIN,1,0.5817307692307693,-139.08045977011497,139.08045977011497,0.5986322227635138,-149.14805241348492,149.14805241348492,0.6080324503724097,-155.12316031010818,155.12316031010818
2024_18_NO_TB,2025-01-05,TB,NO,1,0.5817307692307693,-139.08045977011497,139.08045977011497,0.6706787744378185,-203.6548884126459,203.6548884126459,0.6830230422010964,-215.48034498912057,215.48034498912057
2024_18_NYG_PHI,2025-01-05,PHI,NYG,1,0.5817307692307693,-139.08045977011497,139.08045977011497,0.562463769860754,-128.55250173951302,128.55250173951302,0.5470174027715363,-120.75903271304831,120.75903271304831
2024_18_SEA_LA,2025-01-05,LA,SEA,0,0.5817307692307693,-139.08045977011497,139.08045977011497,0.5222797528332852,-109.32753131793052,109.32753131793052,0.4935887770345181,102.59779932761055,-102.59779932761055
2024_18_SF_ARI,2025-01-05,ARI,SF,1,0.5817307692307693,-139.08045977011497,139.08045977011497,0.5819646122819269,-139.21419797943258,139.21419797943258,0.5767322427243696,-136.25706962337878,136.25706962337878
2024_18_WAS_DAL,2025-01-05,DAL,WAS,0,0.5817307692307693,-139.08045977011497,139.08045977011497,0.580273914558485,-138.2506197936418,138.2506197936418,0.5970699057222103,-148.18200829411762,148.18200829411762
